,RMSE,MAE,R2
LinearRegression,70111.51311375902,50926.04069315749,0.6248786178419226
Ridge,70116.19690182203,50930.64620228144,0.6248284963237416
